,survived,pclass,sex,age,sibsp,parch,fare,embarked,class,who,adult_male,deck,embark_town,alive,alone,adult_female
0,0,3,male,22.0,1,0,7.25,S,Third,man,True,,Southampton,no,False,False
1,1,1,female,38.0,1,0,71.2833,C,First,woman,False,C,Cherbourg,yes,False,True
2,1,3,female,26.0,0,0,7.925,S,Third,woman,False,,Southampton,yes,True,True
3,1,1,female,35.0,1,0,53.1,S,First,woman,False,C,Southampton,yes,False,True
4,0,3,male,35.0,0,0,8.05,S,Third,man,True,,Southampton,no,True,False
6,0,1,male,54.0,0,0,51.8625,S,First,man,True,E,Southampton,no,True,False
7,0,3,male,2.0,3,1,21.075,S,Third,child,False,,Southampton,no,False,False
8,1,3,female,27.0,0,2,11.1333,S,Third,woman,False,,Southampton,yes,False,True
9,1,2,female,14.0,1,0,30.0708,C,Second,child,False,,Cherbourg,yes,False,False
10,1,3,female,4.0,1,1,16.7,S,Third,child,False,G,Southampton,yes,False,False
11,1,1,female,58.0,0,0,26.55,S,First,woman,False,C,Southampton,yes,True,True
12,0,3,male,20.0,0,0,8.05,S,Third,man,True,,Southampton,no,True,False
13,0,3,male,39.0,1,5,31.275,S,Third,man,True,,Southampton,no,False,False
14,0,3,female,14.0,0,0,7.8542,S,Third,child,False,,Southampton,no,True,False
15,1,2,female,55.0,0,0,16.0,S,Second,woman,False,,Southampton,yes,True,True
16,0,3,male,2.0,4,1,29.125,Q,Third,child,False,,Queenstown,no,False,False
18,0,3,female,31.0,1,0,18.0,S,Third,woman,False,,Southampton,no,False,True
20,0,2,male,35.0,0,0,26.0,S,Second,man,True,,Southampton,no,True,False
21,1,2,male,34.0,0,0,13.0,S,Second,man,True,D,Southampton,yes,True,False
22,1,3,female,15.0,0,0,8.0292,Q,Third,child,False,,Queenstown,yes,True,False
23,1,1,male,28.0,0,0,35.5,S,First,man,True,A,Southampton,yes,True,False
24,0,3,female,8.0,3,1,21.075,S,Third,child,False,,Southampton,no,False,False
25,1,3,female,38.0,1,5,31.3875,S,Third,woman,False,,Southampton,yes,False,True
27,0,1,male,19.0,3,2,263.0,S,First,man,True,C,Southampton,no,False,False
30,0,1,male,40.0,0,0,27.7208,C,First,man,True,,Cherbourg,no,True,False
33,0,2,male,66.0,0,0,10.5,S,Second,man,True,,Southampton,no,True,False
34,0,1,male,28.0,1,0,82.1708,C,First,man,True,,Cherbourg,no,False,False
35,0,1,male,42.0,1,0,52.0,S,First,man,True,,Southampton,no,False,False
37,0,3,male,21.0,0,0,8.05,S,Third,man,True,,Southampton,no,True,False
38,0,3,female,18.0,2,0,18.0,S,Third,woman,False,,Southampton,no,False,False
39,1,3,female,14.0,1,0,11.2417,C,Third,child,False,,Cherbourg,yes,False,False
40,0,3,female,40.0,1,0,9.475,S,Third,woman,False,,Southampton,no,False,True
41,0,2,female,27.0,1,0,21.0,S,Second,woman,False,,Southampton,no,False,True
43,1,2,female,3.0,1,2,41.5792,C,Second,child,False,,Cherbourg,yes,False,False
44,1,3,female,19.0,0,0,7.8792,Q,Third,woman,False,,Queenstown,yes,True,False
49,0,3,female,18.0,1,0,17.8,S,Third,woman,False,,Southampton,no,False,False
50,0,3,male,7.0,4,1,39.6875,S,Third,child,False,,Southampton,no,False,False
51,0,3,male,21.0,0,0,7.8,S,Third,man,True,,Southampton,no,True,False
52,1,1,female,49.0,1,0,76.7292,C,First,woman,False,D,Cherbourg,yes,False,True
53,1,2,female,29.0,1,0,26.0,S,Second,woman,False,,Southampton,yes,False,True
54,0,1,male,65.0,0,1,61.9792,C,First,man,True,B,Cherbourg,no,False,False
56,1,2,female,21.0,0,0,10.5,S,Second,woman,False,,Southampton,yes,True,True
57,0,3,male,28.5,0,0,7.2292,C,Third,man,True,,Cherbourg,no,True,False
58,1,2,female,5.0,1,2,27.75,S,Second,child,False,,Southampton,yes,False,False
59,0,3,male,11.0,5,2,46.9,S,Third,child,False,,Southampton,no,False,False
60,0,3,male,22.0,0,0,7.2292,C,Third,man,True,,Cherbourg,no,True,False
61,1,1,female,38.0,0,0,80.0,,First,woman,False,B,,yes,True,True
62,0,1,male,45.0,1,0,83.475,S,First,man,True,C,Southampton,no,False,False
63,0,3,male,4.0,3,2,27.9,S,Third,child,False,,Southampton,no,False,False
66,1,2,female,29.0,0,0,10.5,S,Second,woman,False,F,Southampton,yes,True,True
67,0,3,male,19.0,0,0,8.1583,S,Third,man,True,,Southampton,no,True,False
68,1,3,female,17.0,4,2,7.925,S,Third,woman,False,,Southampton,yes,False,False
69,0,3,male,26.0,2,0,8.6625,S,Third,man,True,,Southampton,no,False,False
70,0,2,male,32.0,0,0,10.5,S,Second,man,True,,Southampton,no,True,False
71,0,3,female,16.0,5,2,46.9,S,Third,woman,False,,Southampton,no,False,False
72,0,2,male,21.0,0,0,73.5,S,Second,man,True,,Southampton,no,True,False
73,0,3,male,26.0,1,0,14.4542,C,Third,man,True,,Cherbourg,no,False,False
74,1,3,male,32.0,0,0,56.4958,S,Third,man,True,,Southampton,yes,True,False
75,0,3,male,25.0,0,0,7.65,S,Third,man,True,F,Southampton,no,True,False
78,1,2,male,0.83,0,2,29.0,S,Second,child,False,,Southampton,yes,False,False
79,1,3,female,30.0,0,0,12.475,S,Third,woman,False,,Southampton,yes,True,True
80,0,3,male,22.0,0,0,9.0,S,Third,man,True,,Southampton,no,True,False
81,1,3,male,29.0,0,0,9.5,S,Third,man,True,,Southampton,yes,True,False
83,0,1,male,28.0,0,0,47.1,S,First,man,True,,Southampton,no,True,False
84,1,2,female,17.0,0,0,10.5,S,Second,woman,False,,Southampton,yes,True,False
85,1,3,female,33.0,3,0,15.85,S,Third,woman,False,,Southampton,yes,False,True
86,0,3,male,16.0,1,3,34.375,S,Third,man,True,,Southampton,no,False,False
88,1,1,female,23.0,3,2,263.0,S,First,woman,False,C,Southampton,yes,False,True
89,0,3,male,24.0,0,0,8.05,S,Third,man,True,,Southampton,no,True,False
90,0,3,male,29.0,0,0,8.05,S,Third,man,True,,Southampton,no,True,False
91,0,3,male,20.0,0,0,7.8542,S,Third,man,True,,Southampton,no,True,False
92,0,1,male,46.0,1,0,61.175,S,First,man,True,E,Southampton,no,False,False
93,0,3,male,26.0,1,2,20.575,S,Third,man,True,,Southampton,no,False,False
94,0,3,male,59.0,0,0,7.25,S,Third,man,True,,Southampton,no,True,False
96,0,1,male,71.0,0,0,34.6542,C,First,man,True,A,Cherbourg,no,True,False
97,1,1,male,23.0,0,1,63.3583,C,First,man,True,D,Cherbourg,yes,False,False
98,1,2,female,34.0,0,1,23.0,S,Second,woman,False,,Southampton,yes,False,True
99,0,2,male,34.0,1,0,26.0,S,Second,man,True,,Southampton,no,False,False
100,0,3,female,28.0,0,0,7.8958,S,Third,woman,False,,Southampton,no,True,True
102,0,1,male,21.0,0,1,77.2875,S,First,man,True,D,Southampton,no,False,False
103,0,3,male,33.0,0,0,8.6542,S,Third,man,True,,Southampton,no,True,False
104,0,3,male,37.0,2,0,7.925,S,Third,man,True,,Southampton,no,False,False
105,0,3,male,28.0,0,0,7.8958,S,Third,man,True,,Southampton,no,True,False
106,1,3,female,21.0,0,0,7.65,S,Third,woman,False,,Southampton,yes,True,True
108,0,3,male,38.0,0,0,7.8958,S,Third,man,True,,Southampton,no,True,False
110,0,1,male,47.0,0,0,52.0,S,First,man,True,C,Southampton,no,True,False
111,0,3,female,14.5,1,0,14.4542,C,Third,child,False,,Cherbourg,no,False,False
112,0,3,male,22.0,0,0,8.05,S,Third,man,True,,Southampton,no,True,False
113,0,3,female,20.0,1,0,9.825,S,Third,woman,False,,Southampton,no,False,False
114,0,3,female,17.0,0,0,14.4583,C,Third,woman,False,,Cherbourg,no,True,False
115,0,3,male,21.0,0,0,7.925,S,Third,man,True,,Southampton,no,True,False
116,0,3,male,70.5,0,0,7.75,Q,Third,man,True,,Queenstown,no,True,False
117,0,2,male,29.0,1,0,21.0,S,Second,man,True,,Southampton,no,False,False
118,0,1,male,24.0,0,1,247.5208,C,First,man,True,B,Cherbourg,no,False,False
119,0,3,female,2.0,4,2,31.275,S,Third,child,False,,Southampton,no,False,False
120,0,2,male,21.0,2,0,73.5,S,Second,man,True,,Southampton,no,False,False
122,0,2,male,32.5,1,0,30.0708,C,Second,man,True,,Cherbourg,no,False,False
123,1,2,female,32.5,0,0,13.0,S,Second,woman,False,E,Southampton,yes,True,True
124,0,1,male,54.0,0,1,77.2875,S,First,man,True,D,Southampton,no,False,False
125,1,3,male,12.0,1,0,11.2417,C,Third,child,False,,Cherbourg,yes,False,False
127,1,3,male,24.0,0,0,7.1417,S,Third,man,True,,Southampton,yes,True,False
129,0,3,male,45.0,0,0,6.975,S,Third,man,True,,Southampton,no,True,False
130,0,3,male,33.0,0,0,7.8958,C,Third,man,True,,Cherbourg,no,True,False
131,0,3,male,20.0,0,0,7.05,S,Third,man,True,,Southampton,no,True,False
132,0,3,female,47.0,1,0,14.5,S,Third,woman,False,,Southampton,no,False,True
133,1,2,female,29.0,1,0,26.0,S,Second,woman,False,,Southampton,yes,False,True
134,0,2,male,25.0,0,0,13.0,S,Second,man,True,,Southampton,no,True,False
135,0,2,male,23.0,0,0,15.0458,C,Second,man,True,,Cherbourg,no,True,False
136,1,1,female,19.0,0,2,26.2833,S,First,woman,False,D,Southampton,yes,False,False
137,0,1,male,37.0,1,0,53.1,S,First,man,True,C,Southampton,no,False,False
138,0,3,male,16.0,0,0,9.2167,S,Third,man,True,,Southampton,no,True,False
139,0,1,male,24.0,0,0,79.2,C,First,man,True,B,Cherbourg,no,True,False
141,1,3,female,22.0,0,0,7.75,S,Third,woman,False,,Southampton,yes,True,True
142,1,3,female,24.0,1,0,15.85,S,Third,woman,False,,Southampton,yes,False,True
143,0,3,male,19.0,0,0,6.75,Q,Third,man,True,,Queenstown,no,True,False
144,0,2,male,18.0,0,0,11.5,S,Second,man,True,,Southampton,no,True,False
145,0,2,male,19.0,1,1,36.75,S,Second,man,True,,Southampton,no,False,False
146,1,3,male,27.0,0,0,7.7958,S,Third,man,True,,Southampton,yes,True,False
147,0,3,female,9.0,2,2,34.375,S,Third,child,False,,Southampton,no,False,False
148,0,2,male,36.5,0,2,26.0,S,Second,man,True,F,Southampton,no,False,False
149,0,2,male,42.0,0,0,13.0,S,Second,man,True,,Southampton,no,True,False
150,0,2,male,51.0,0,0,12.525,S,Second,man,True,,Southampton,no,True,False
151,1,1,female,22.0,1,0,66.6,S,First,woman,False,C,Southampton,yes,False,True
152,0,3,male,55.5,0,0,8.05,S,Third,man,True,,Southampton,no,True,False
153,0,3,male,40.5,0,2,14.5,S,Third,man,True,,Southampton,no,False,False
155,0,1,male,51.0,0,1,61.3792,C,First,man,True,,Cherbourg,no,False,False
156,1,3,female,16.0,0,0,7.7333,Q,Third,woman,False,,Queenstown,yes,True,False
157,0,3,male,30.0,0,0,8.05,S,Third,man,True,,Southampton,no,True,False
160,0,3,male,44.0,0,1,16.1,S,Third,man,True,,Southampton,no,False,False
161,1,2,female,40.0,0,0,15.75,S,Second,woman,False,,Southampton,yes,True,True
162,0,3,male,26.0,0,0,7.775,S,Third,man,True,,Southampton,no,True,False
163,0,3,male,17.0,0,0,8.6625,S,Third,man,True,,Southampton,no,True,False
164,0,3,male,1.0,4,1,39.6875,S,Third,child,False,,Southampton,no,False,False
165,1,3,male,9.0,0,2,20.525,S,Third,child,False,,Southampton,yes,False,False
167,0,3,female,45.0,1,4,27.9,S,Third,woman,False,,Southampton,no,False,True
169,0,3,male,28.0,0,0,56.4958,S,Third,man,True,,Southampton,no,True,False
170,0,1,male,61.0,0,0,33.5,S,First,man,True,B,Southampton,no,True,False
171,0,3,male,4.0,4,1,29.125,Q,Third,child,False,,Queenstown,no,False,False
172,1,3,female,1.0,1,1,11.1333,S,Third,child,False,,Southampton,yes,False,False
173,0,3,male,21.0,0,0,7.925,S,Third,man,True,,Southampton,no,True,False
174,0,1,male,56.0,0,0,30.6958,C,First,man,True,A,Cherbourg,no,True,False
175,0,3,male,18.0,1,1,7.8542,S,Third,man,True,,Southampton,no,False,False
177,0,1,female,50.0,0,0,28.7125,C,First,woman,False,C,Cherbourg,no,True,True
178,0,2,male,30.0,0,0,13.0,S,Second,man,True,,Southampton,no,True,False
179,0,3,male,36.0,0,0,0.0,S,Third,man,True,,Southampton,no,True,False
182,0,3,male,9.0,4,2,31.3875,S,Third,child,False,,Southampton,no,False,False
183,1,2,male,1.0,2,1,39.0,S,Second,child,False,F,Southampton,yes,False,False
184,1,3,female,4.0,0,2,22.025,S,Third,child,False,,Southampton,yes,False,False
187,1,1,male,45.0,0,0,26.55,S,First,man,True,,Southampton,yes,True,False
188,0,3,male,40.0,1,1,15.5,Q,Third,man,True,,Queenstown,no,False,False
189,0,3,male,36.0,0,0,7.8958,S,Third,man,True,,Southampton,no,True,False
190,1,2,female,32.0,0,0,13.0,S,Second,woman,False,,Southampton,yes,True,True
191,0,2,male,19.0,0,0,13.0,S,Second,man,True,,Southampton,no,True,False
192,1,3,female,19.0,1,0,7.8542,S,Third,woman,False,,Southampton,yes,False,False
193,1,2,male,3.0,1,1,26.0,S,Second,child,False,F,Southampton,yes,False,False
194,1,1,female,44.0,0,0,27.7208,C,First,woman,False,B,Cherbourg,yes,True,True
195,1,1,female,58.0,0,0,146.5208,C,First,woman,False,B,Cherbourg,yes,True,True
197,0,3,male,42.0,0,1,8.4042,S,Third,man,True,,Southampton,no,False,False
199,0,2,female,24.0,0,0,13.0,S,Second,woman,False,,Southampton,no,True,True
200,0,3,male,28.0,0,0,9.5,S,Third,man,True,,Southampton,no,True,False
202,0,3,male,34.0,0,0,6.4958,S,Third,man,True,,Southampton,no,True,False
203,0,3,male,45.5,0,0,7.225,C,Third,man,True,,Cherbourg,no,True,False
204,1,3,male,18.0,0,0,8.05,S,Third,man,True,,Southampton,yes,True,False
205,0,3,female,2.0,0,1,10.4625,S,Third,child,False,G,Southampton,no,False,False
206,0,3,male,32.0,1,0,15.85,S,Third,man,True,,Southampton,no,False,False
207,1,3,male,26.0,0,0,18.7875,C,Third,man,True,,Cherbourg,yes,True,False
208,1,3,female,16.0,0,0,7.75,Q,Third,woman,False,,Queenstown,yes,True,False
209,1,1,male,40.0,0,0,31.0,C,First,man,True,A,Cherbourg,yes,True,False
210,0,3,male,24.0,0,0,7.05,S,Third,man,True,,Southampton,no,True,False
211,1,2,female,35.0,0,0,21.0,S,Second,woman,False,,Southampton,yes,True,True
212,0,3,male,22.0,0,0,7.25,S,Third,man,True,,Southampton,no,True,False
213,0,2,male,30.0,0,0,13.0,S,Second,man,True,,Southampton,no,True,False
215,1,1,female,31.0,1,0,113.275,C,First,woman,False,D,Cherbourg,yes,False,True
216,1,3,female,27.0,0,0,7.925,S,Third,woman,False,,Southampton,yes,True,True
217,0,2,male,42.0,1,0,27.0,S,Second,man,True,,Southampton,no,False,False
218,1,1,female,32.0,0,0,76.2917,C,First,woman,False,D,Cherbourg,yes,True,True
219,0,2,male,30.0,0,0,10.5,S,Second,man,True,,Southampton,no,True,False
220,1,3,male,16.0,0,0,8.05,S,Third,man,True,,Southampton,yes,True,False
221,0,2,male,27.0,0,0,13.0,S,Second,man,True,,Southampton,no,True,False
222,0,3,male,51.0,0,0,8.05,S,Third,man,True,,Southampton,no,True,False
224,1,1,male,38.0,1,0,90.0,S,First,man,True,C,Southampton,yes,False,False
225,0,3,male,22.0,0,0,9.35,S,Third,man,True,,Southampton,no,True,False
226,1,2,male,19.0,0,0,10.5,S,Second,man,True,,Southampton,yes,True,False
227,0,3,male,20.5,0,0,7.25,S,Third,man,True,,Southampton,no,True,False
228,0,2,male,18.0,0,0,13.0,S,Second,man,True,,Southampton,no,True,False
230,1,1,female,35.0,1,0,83.475,S,First,woman,False,C,Southampton,yes,False,True
231,0,3,male,29.0,0,0,7.775,S,Third,man,True,,Southampton,no,True,False
232,0,2,male,59.0,0,0,13.5,S,Second,man,True,,Southampton,no,True,False
233,1,3,female,5.0,4,2,31.3875,S,Third,child,False,,Southampton,yes,False,False
234,0,2,male,24.0,0,0,10.5,S,Second,man,True,,Southampton,no,True,False
236,0,2,male,44.0,1,0,26.0,S,Second,man,True,,Southampton,no,False,False
237,1,2,female,8.0,0,2,26.25,S,Second,child,False,,Southampton,yes,False,False
238,0,2,male,19.0,0,0,10.5,S,Second,man,True,,Southampton,no,True,False
239,0,2,male,33.0,0,0,12.275,S,Second,man,True,,Southampton,no,True,False
242,0,2,male,29.0,0,0,10.5,S,Second,man,True,,Southampton,no,True,False
243,0,3,male,22.0,0,0,7.125,S,Third,man,True,,Southampton,no,True,False
244,0,3,male,30.0,0,0,7.225,C,Third,man,True,,Cherbourg,no,True,False
245,0,1,male,44.0,2,0,90.0,Q,First,man,True,C,Queenstown,no,False,False
246,0,3,female,25.0,0,0,7.775,S,Third,woman,False,,Southampton,no,True,True
247,1,2,female,24.0,0,2,14.5,S,Second,woman,False,,Southampton,yes,False,True
248,1,1,male,37.0,1,1,52.5542,S,First,man,True,D,Southampton,yes,False,False
249,0,2,male,54.0,1,0,26.0,S,Second,man,True,,Southampton,no,False,False
251,0,3,female,29.0,1,1,10.4625,S,Third,woman,False,G,Southampton,no,False,True
252,0,1,male,62.0,0,0,26.55,S,First,man,True,C,Southampton,no,True,False
253,0,3,male,30.0,1,0,16.1,S,Third,man,True,,Southampton,no,False,False
254,0,3,female,41.0,0,2,20.2125,S,Third,woman,False,,Southampton,no,False,True
255,1,3,female,29.0,0,2,15.2458,C,Third,woman,False,,Cherbourg,yes,False,True
257,1,1,female,30.0,0,0,86.5,S,First,woman,False,B,Southampton,yes,True,True
258,1,1,female,35.0,0,0,512.3292,C,First,woman,False,,Cherbourg,yes,True,True
259,1,2,female,50.0,0,1,26.0,S,Second,woman,False,,Southampton,yes,False,True
261,1,3,male,3.0,4,2,31.3875,S,Third,child,False,,Southampton,yes,False,False
262,0,1,male,52.0,1,1,79.65,S,First,man,True,E,Southampton,no,False,False
263,0,1,male,40.0,0,0,0.0,S,First,man,True,B,Southampton,no,True,False
265,0,2,male,36.0,0,0,10.5,S,Second,man,True,,Southampton,no,True,False
266,0,3,male,16.0,4,1,39.6875,S,Third,man,True,,Southampton,no,False,False
267,1,3,male,25.0,1,0,7.775,S,Third,man,True,,Southampton,yes,False,False
268,1,1,female,58.0,0,1,153.4625,S,First,woman,False,C,Southampton,yes,False,True
269,1,1,female,35.0,0,0,135.6333,S,First,woman,False,C,Southampton,yes,True,True
271,1,3,male,25.0,0,0,0.0,S,Third,man,True,,Southampton,yes,True,False
272,1,2,female,41.0,0,1,19.5,S,Second,woman,False,,Southampton,yes,False,True
273,0,1,male,37.0,0,1,29.7,C,First,man,True,C,Cherbourg,no,False,False
275,1,1,female,63.0,1,0,77.9583,S,First,woman,False,D,Southampton,yes,False,True
276,0,3,female,45.0,0,0,7.75,S,Third,woman,False,,Southampton,no,True,True
278,0,3,male,7.0,4,1,29.125,Q,Third,child,False,,Queenstown,no,False,False
279,1,3,female,35.0,1,1,20.25,S,Third,woman,False,,Southampton,yes,False,True
280,0,3,male,65.0,0,0,7.75,Q,Third,man,True,,Queenstown,no,True,False
281,0,3,male,28.0,0,0,7.8542,S,Third,man,True,,Southampton,no,True,False
282,0,3,male,16.0,0,0,9.5,S,Third,man,True,,Southampton,no,True,False
283,1,3,male,19.0,0,0,8.05,S,Third,man,True,,Southampton,yes,True,False
285,0,3,male,33.0,0,0,8.6625,C,Third,man,True,,Cherbourg,no,True,False
286,1,3,male,30.0,0,0,9.5,S,Third,man,True,,Southampton,yes,True,False
287,0,3,male,22.0,0,0,7.8958,S,Third,man,True,,Southampton,no,True,False
288,1,2,male,42.0,0,0,13.0,S,Second,man,True,,Southampton,yes,True,False
289,1,3,female,22.0,0,0,7.75,Q,Third,woman,False,,Queenstown,yes,True,True
290,1,1,female,26.0,0,0,78.85,S,First,woman,False,,Southampton,yes,True,True
291,1,1,female,19.0,1,0,91.0792,C,First,woman,False,B,Cherbourg,yes,False,False
292,0,2,male,36.0,0,0,12.875,C,Second,man,True,D,Cherbourg,no,True,False
293,0,3,female,24.0,0,0,8.85,S,Third,woman,False,,Southampton,no,True,True
294,0,3,male,24.0,0,0,7.8958,S,Third,man,True,,Southampton,no,True,False
296,0,3,male,23.5,0,0,7.2292,C,Third,man,True,,Cherbourg,no,True,False
297,0,1,female,2.0,1,2,151.55,S,First,child,False,C,Southampton,no,False,False
299,1,1,female,50.0,0,1,247.5208,C,First,woman,False,B,Cherbourg,yes,False,True
302,0,3,male,19.0,0,0,0.0,S,Third,man,True,,Southampton,no,True,False
305,1,1,male,0.92,1,2,151.55,S,First,child,False,C,Southampton,yes,False,False
307,1,1,female,17.0,1,0,108.9,C,First,woman,False,C,Cherbourg,yes,False,False
308,0,2,male,30.0,1,0,24.0,C,Second,man,True,,Cherbourg,no,False,False
309,1,1,female,30.0,0,0,56.9292,C,First,woman,False,E,Cherbourg,yes,True,True
310,1,1,female,24.0,0,0,83.1583,C,First,woman,False,C,Cherbourg,yes,True,True
311,1,1,female,18.0,2,2,262.375,C,First,woman,False,B,Cherbourg,yes,False,False
312,0,2,female,26.0,1,1,26.0,S,Second,woman,False,,Southampton,no,False,True
313,0,3,male,28.0,0,0,7.8958,S,Third,man,True,,Southampton,no,True,False
314,0,2,male,43.0,1,1,26.25,S,Second,man,True,,Southampton,no,False,False
315,1,3,female,26.0,0,0,7.8542,S,Third,woman,False,,Southampton,yes,True,True
316,1,2,female,24.0,1,0,26.0,S,Second,woman,False,,Southampton,yes,False,True
317,0,2,male,54.0,0,0,14.0,S,Second,man,True,,Southampton,no,True,False
318,1,1,female,31.0,0,2,164.8667,S,First,woman,False,C,Southampton,yes,False,True
319,1,1,female,40.0,1,1,134.5,C,First,woman,False,E,Cherbourg,yes,False,True
320,0,3,male,22.0,0,0,7.25,S,Third,man,True,,Southampton,no,True,False
321,0,3,male,27.0,0,0,7.8958,S,Third,man,True,,Southampton,no,True,False
322,1,2,female,30.0,0,0,12.35,Q,Second,woman,False,,Queenstown,yes,True,True
323,1,2,female,22.0,1,1,29.0,S,Second,woman,False,,Southampton,yes,False,True
325,1,1,female,36.0,0,0,135.6333,C,First,woman,False,C,Cherbourg,yes,True,True
326,0,3,male,61.0,0,0,6.2375,S,Third,man,True,,Southampton,no,True,False
327,1,2,female,36.0,0,0,13.0,S,Second,woman,False,D,Southampton,yes,True,True
328,1,3,female,31.0,1,1,20.525,S,Third,woman,False,,Southampton,yes,False,True
329,1,1,female,16.0,0,1,57.9792,C,First,woman,False,B,Cherbourg,yes,False,False
331,0,1,male,45.5,0,0,28.5,S,First,man,True,C,Southampton,no,True,False
332,0,1,male,38.0,0,1,153.4625,S,First,man,True,C,Southampton,no,False,False
333,0,3,male,16.0,2,0,18.0,S,Third,man,True,,Southampton,no,False,False
336,0,1,male,29.0,1,0,66.6,S,First,man,True,C,Southampton,no,False,False
337,1,1,female,41.0,0,0,134.5,C,First,woman,False,E,Cherbourg,yes,True,True
338,1,3,male,45.0,0,0,8.05,S,Third,man,True,,Southampton,yes,True,False
339,0,1,male,45.0,0,0,35.5,S,First,man,True,,Southampton,no,True,False
340,1,2,male,2.0,1,1,26.0,S,Second,child,False,F,Southampton,yes,False,False
341,1,1,female,24.0,3,2,263.0,S,First,woman,False,C,Southampton,yes,False,True
342,0,2,male,28.0,0,0,13.0,S,Second,man,True,,Southampton,no,True,False
343,0,2,male,25.0,0,0,13.0,S,Second,man,True,,Southampton,no,True,False
344,0,2,male,36.0,0,0,13.0,S,Second,man,True,,Southampton,no,True,False
345,1,2,female,24.0,0,0,13.0,S,Second,woman,False,F,Southampton,yes,True,True
346,1,2,female,40.0,0,0,13.0,S,Second,woman,False,,Southampton,yes,True,True
348,1,3,male,3.0,1,1,15.9,S,Third,child,False,,Southampton,yes,False,False
349,0,3,male,42.0,0,0,8.6625,S,Third,man,True,,Southampton,no,True,False
350,0,3,male,23.0,0,0,9.225,S,Third,man,True,,Southampton,no,True,False
352,0,3,male,15.0,1,1,7.2292,C,Third,child,False,,Cherbourg,no,False,False
353,0,3,male,25.0,1,0,17.8,S,Third,man,True,,Southampton,no,False,False
355,0,3,male,28.0,0,0,9.5,S,Third,man,True,,Southampton,no,True,False
356,1,1,female,22.0,0,1,55.0,S,First,woman,False,E,Southampton,yes,False,True
357,0,2,female,38.0,0,0,13.0,S,Second,woman,False,,Southampton,no,True,True
360,0,3,male,40.0,1,4,27.9,S,Third,man,True,,Southampton,no,False,False
361,0,2,male,29.0,1,0,27.7208,C,Second,man,True,,Cherbourg,no,False,False
362,0,3,female,45.0,0,1,14.4542,C,Third,woman,False,,Cherbourg,no,False,True
363,0,3,male,35.0,0,0,7.05,S,Third,man,True,,Southampton,no,True,False
365,0,3,male,30.0,0,0,7.25,S,Third,man,True,,Southampton,no,True,False
366,1,1,female,60.0,1,0,75.25,C,First,woman,False,D,Cherbourg,yes,False,True
369,1,1,female,24.0,0,0,69.3,C,First,woman,False,B,Cherbourg,yes,True,True
370,1,1,male,25.0,1,0,55.4417,C,First,man,True,E,Cherbourg,yes,False,False
371,0,3,male,18.0,1,0,6.4958,S,Third,man,True,,Southampton,no,False,False
372,0,3,male,19.0,0,0,8.05,S,Third,man,True,,Southampton,no,True,False
373,0,1,male,22.0,0,0,135.6333,C,First,man,True,,Cherbourg,no,True,False
374,0,3,female,3.0,3,1,21.075,S,Third,child,False,,Southampton,no,False,False
376,1,3,female,22.0,0,0,7.25,S,Third,woman,False,,Southampton,yes,True,True
377,0,1,male,27.0,0,2,211.5,C,First,man,True,C,Cherbourg,no,False,False
378,0,3,male,20.0,0,0,4.0125,C,Third,man,True,,Cherbourg,no,True,False
379,0,3,male,19.0,0,0,7.775,S,Third,man,True,,Southampton,no,True,False
380,1,1,female,42.0,0,0,227.525,C,First,woman,False,,Cherbourg,yes,True,True
381,1,3,female,1.0,0,2,15.7417,C,Third,child,False,,Cherbourg,yes,False,False
382,0,3,male,32.0,0,0,7.925,S,Third,man,True,,Southampton,no,True,False
383,1,1,female,35.0,1,0,52.0,S,First,woman,False,,Southampton,yes,False,True
385,0,2,male,18.0,0,0,73.5,S,Second,man,True,,Southampton,no,True,False
386,0,3,male,1.0,5,2,46.9,S,Third,child,False,,Southampton,no,False,False
387,1,2,female,36.0,0,0,13.0,S,Second,woman,False,,Southampton,yes,True,True
389,1,2,female,17.0,0,0,12.0,C,Second,woman,False,,Cherbourg,yes,True,False
390,1,1,male,36.0,1,2,120.0,S,First,man,True,B,Southampton,yes,False,False
391,1,3,male,21.0,0,0,7.7958,S,Third,man,True,,Southampton,yes,True,False
392,0,3,male,28.0,2,0,7.925,S,Third,man,True,,Southampton,no,False,False
393,1,1,female,23.0,1,0,113.275,C,First,woman,False,D,Cherbourg,yes,False,True
394,1,3,female,24.0,0,2,16.7,S,Third,woman,False,G,Southampton,yes,False,True
395,0,3,male,22.0,0,0,7.7958,S,Third,man,True,,Southampton,no,True,False
396,0,3,female,31.0,0,0,7.8542,S,Third,woman,False,,Southampton,no,True,True
397,0,2,male,46.0,0,0,26.0,S,Second,man,True,,Southampton,no,True,False
398,0,2,male,23.0,0,0,10.5,S,Second,man,True,,Southampton,no,True,False
399,1,2,female,28.0,0,0,12.65,S,Second,woman,False,,Southampton,yes,True,True
400,1,3,male,39.0,0,0,7.925,S,Third,man,True,,Southampton,yes,True,False
401,0,3,male,26.0,0,0,8.05,S,Third,man,True,,Southampton,no,True,False
402,0,3,female,21.0,1,0,9.825,S,Third,woman,False,,Southampton,no,False,True
403,0,3,male,28.0,1,0,15.85,S,Third,man,True,,Southampton,no,False,False
404,0,3,female,20.0,0,0,8.6625,S,Third,woman,False,,Southampton,no,True,False
405,0,2,male,34.0,1,0,21.0,S,Second,man,True,,Southampton,no,False,False
406,0,3,male,51.0,0,0,7.75,S,Third,man,True,,Southampton,no,True,False
407,1,2,male,3.0,1,1,18.75,S,Second,child,False,,Southampton,yes,False,False
408,0,3,male,21.0,0,0,7.775,S,Third,man,True,,Southampton,no,True,False
412,1,1,female,33.0,1,0,90.0,Q,First,woman,False,C,Queenstown,yes,False,True
414,1,3,male,44.0,0,0,7.925,S,Third,man,True,,Southampton,yes,True,False
416,1,2,female,34.0,1,1,32.5,S,Second,woman,False,,Southampton,yes,False,True
417,1,2,female,18.0,0,2,13.0,S,Second,woman,False,,Southampton,yes,False,False
418,0,2,male,30.0,0,0,13.0,S,Second,man,True,,Southampton,no,True,False
419,0,3,female,10.0,0,2,24.15,S,Third,child,False,,Southampton,no,False,False
421,0,3,male,21.0,0,0,7.7333,Q,Third,man,True,,Queenstown,no,True,False
422,0,3,male,29.0,0,0,7.875,S,Third,man,True,,Southampton,no,True,False
423,0,3,female,28.0,1,1,14.4,S,Third,woman,False,,Southampton,no,False,True
424,0,3,male,18.0,1,1,20.2125,S,Third,man,True,,Southampton,no,False,False
426,1,2,female,28.0,1,0,26.0,S,Second,woman,False,,Southampton,yes,False,True
427,1,2,female,19.0,0,0,26.0,S,Second,woman,False,,Southampton,yes,True,False
429,1,3,male,32.0,0,0,8.05,S,Third,man,True,E,Southampton,yes,True,False
430,1,1,male,28.0,0,0,26.55,S,First,man,True,C,Southampton,yes,True,False
432,1,2,female,42.0,1,0,26.0,S,Second,woman,False,,Southampton,yes,False,True
433,0,3,male,17.0,0,0,7.125,S,Third,man,True,,Southampton,no,True,False
434,0,1,male,50.0,1,0,55.9,S,First,man,True,E,Southampton,no,False,False
435,1,1,female,14.0,1,2,120.0,S,First,child,False,B,Southampton,yes,False,False
436,0,3,female,21.0,2,2,34.375,S,Third,woman,False,,Southampton,no,False,True
437,1,2,female,24.0,2,3,18.75,S,Second,woman,False,,Southampton,yes,False,True
438,0,1,male,64.0,1,4,263.0,S,First,man,True,C,Southampton,no,False,False
439,0,2,male,31.0,0,0,10.5,S,Second,man,True,,Southampton,no,True,False
440,1,2,female,45.0,1,1,26.25,S,Second,woman,False,,Southampton,yes,False,True
441,0,3,male,20.0,0,0,9.5,S,Third,man,True,,Southampton,no,True,False
442,0,3,male,25.0,1,0,7.775,S,Third,man,True,,Southampton,no,False,False
443,1,2,female,28.0,0,0,13.0,S,Second,woman,False,,Southampton,yes,True,True
445,1,1,male,4.0,0,2,81.8583,S,First,child,False,A,Southampton,yes,False,False
446,1,2,female,13.0,0,1,19.5,S,Second,child,False,,Southampton,yes,False,False
447,1,1,male,34.0,0,0,26.55,S,First,man,True,,Southampton,yes,True,False
448,1,3,female,5.0,2,1,19.2583,C,Third,child,False,,Cherbourg,yes,False,False
449,1,1,male,52.0,0,0,30.5,S,First,man,True,C,Southampton,yes,True,False
450,0,2,male,36.0,1,2,27.75,S,Second,man,True,,Southampton,no,False,False
452,0,1,male,30.0,0,0,27.75,C,First,man,True,C,Cherbourg,no,True,False
453,1,1,male,49.0,1,0,89.1042,C,First,man,True,C,Cherbourg,yes,False,False
455,1,3,male,29.0,0,0,7.8958,C,Third,man,True,,Cherbourg,yes,True,False
456,0,1,male,65.0,0,0,26.55,S,First,man,True,E,Southampton,no,True,False
458,1,2,female,50.0,0,0,10.5,S,Second,woman,False,,Southampton,yes,True,True
460,1,1,male,48.0,0,0,26.55,S,First,man,True,E,Southampton,yes,True,False
461,0,3,male,34.0,0,0,8.05,S,Third,man,True,,Southampton,no,True,False
462,0,1,male,47.0,0,0,38.5,S,First,man,True,E,Southampton,no,True,False
463,0,2,male,48.0,0,0,13.0,S,Second,man,True,,Southampton,no,True,False
465,0,3,male,38.0,0,0,7.05,S,Third,man,True,,Southampton,no,True,False
467,0,1,male,56.0,0,0,26.55,S,First,man,True,,Southampton,no,True,False
469,1,3,female,0.75,2,1,19.2583,C,Third,child,False,,Cherbourg,yes,False,False
471,0,3,male,38.0,0,0,8.6625,S,Third,man,True,,Southampton,no,True,False
472,1,2,female,33.0,1,2,27.75,S,Second,woman,False,,Southampton,yes,False,True
473,1,2,female,23.0,0,0,13.7917,C,Second,woman,False,D,Cherbourg,yes,True,True
474,0,3,female,22.0,0,0,9.8375,S,Third,woman,False,,Southampton,no,True,True
476,0,2,male,34.0,1,0,21.0,S,Second,man,True,,Southampton,no,False,False
477,0,3,male,29.0,1,0,7.0458,S,Third,man,True,,Southampton,no,False,False
478,0,3,male,22.0,0,0,7.5208,S,Third,man,True,,Southampton,no,True,False
479,1,3,female,2.0,0,1,12.2875,S,Third,child,False,,Southampton,yes,False,False
480,0,3,male,9.0,5,2,46.9,S,Third,child,False,,Southampton,no,False,False
482,0,3,male,50.0,0,0,8.05,S,Third,man,True,,Southampton,no,True,False
483,1,3,female,63.0,0,0,9.5875,S,Third,woman,False,,Southampton,yes,True,True
484,1,1,male,25.0,1,0,91.0792,C,First,man,True,B,Cherbourg,yes,False,False
486,1,1,female,35.0,1,0,90.0,S,First,woman,False,C,Southampton,yes,False,True
487,0,1,male,58.0,0,0,29.7,C,First,man,True,B,Cherbourg,no,True,False
488,0,3,male,30.0,0,0,8.05,S,Third,man,True,,Southampton,no,True,False
489,1,3,male,9.0,1,1,15.9,S,Third,child,False,,Southampton,yes,False,False
491,0,3,male,21.0,0,0,7.25,S,Third,man,True,,Southampton,no,True,False
492,0,1,male,55.0,0,0,30.5,S,First,man,True,C,Southampton,no,True,False
493,0,1,male,71.0,0,0,49.5042,C,First,man,True,,Cherbourg,no,True,False
494,0,3,male,21.0,0,0,8.05,S,Third,man,True,,Southampton,no,True,False
496,1,1,female,54.0,1,0,78.2667,C,First,woman,False,D,Cherbourg,yes,False,True
498,0,1,female,25.0,1,2,151.55,S,First,woman,False,C,Southampton,no,False,True
499,0,3,male,24.0,0,0,7.7958,S,Third,man,True,,Southampton,no,True,False
500,0,3,male,17.0,0,0,8.6625,S,Third,man,True,,Southampton,no,True,False
501,0,3,female,21.0,0,0,7.75,Q,Third,woman,False,,Queenstown,no,True,True
503,0,3,female,37.0,0,0,9.5875,S,Third,woman,False,,Southampton,no,True,True
504,1,1,female,16.0,0,0,86.5,S,First,woman,False,B,Southampton,yes,True,False
505,0,1,male,18.0,1,0,108.9,C,First,man,True,C,Cherbourg,no,False,False
506,1,2,female,33.0,0,2,26.0,S,Second,woman,False,,Southampton,yes,False,True
508,0,3,male,28.0,0,0,22.525,S,Third,man,True,,Southampton,no,True,False
509,1,3,male,26.0,0,0,56.4958,S,Third,man,True,,Southampton,yes,True,False
510,1,3,male,29.0,0,0,7.75,Q,Third,man,True,,Queenstown,yes,True,False
512,1,1,male,36.0,0,0,26.2875,S,First,man,True,E,Southampton,yes,True,False
513,1,1,female,54.0,1,0,59.4,C,First,woman,False,,Cherbourg,yes,False,True
514,0,3,male,24.0,0,0,7.4958,S,Third,man,True,,Southampton,no,True,False
515,0,1,male,47.0,0,0,34.0208,S,First,man,True,D,Southampton,no,True,False
516,1,2,female,34.0,0,0,10.5,S,Second,woman,False,F,Southampton,yes,True,True
518,1,2,female,36.0,1,0,26.0,S,Second,woman,False,,Southampton,yes,False,True
519,0,3,male,32.0,0,0,7.8958,S,Third,man,True,,Southampton,no,True,False
520,1,1,female,30.0,0,0,93.5,S,First,woman,False,B,Southampton,yes,True,True
521,0,3,male,22.0,0,0,7.8958,S,Third,man,True,,Southampton,no,True,False
523,1,1,female,44.0,0,1,57.9792,C,First,woman,False,B,Cherbourg,yes,False,True
525,0,3,male,40.5,0,0,7.75,Q,Third,man,True,,Queenstown,no,True,False
526,1,2,female,50.0,0,0,10.5,S,Second,woman,False,,Southampton,yes,True,True
528,0,3,male,39.0,0,0,7.925,S,Third,man,True,,Southampton,no,True,False
529,0,2,male,23.0,2,1,11.5,S,Second,man,True,,Southampton,no,False,False
530,1,2,female,2.0,1,1,26.0,S,Second,child,False,,Southampton,yes,False,False
532,0,3,male,17.0,1,1,7.2292,C,Third,man,True,,Cherbourg,no,False,False
534,0,3,female,30.0,0,0,8.6625,S,Third,woman,False,,Southampton,no,True,True
535,1,2,female,7.0,0,2,26.25,S,Second,child,False,,Southampton,yes,False,False
536,0,1,male,45.0,0,0,26.55,S,First,man,True,B,Southampton,no,True,False
537,1,1,female,30.0,0,0,106.425,C,First,woman,False,,Cherbourg,yes,True,True
539,1,1,female,22.0,0,2,49.5,C,First,woman,False,B,Cherbourg,yes,False,True
540,1,1,female,36.0,0,2,71.0,S,First,woman,False,B,Southampton,yes,False,True
541,0,3,female,9.0,4,2,31.275,S,Third,child,False,,Southampton,no,False,False
542,0,3,female,11.0,4,2,31.275,S,Third,child,False,,Southampton,no,False,False
543,1,2,male,32.0,1,0,26.0,S,Second,man,True,,Southampton,yes,False,False
544,0,1,male,50.0,1,0,106.425,C,First,man,True,C,Cherbourg,no,False,False
545,0,1,male,64.0,0,0,26.0,S,First,man,True,,Southampton,no,True,False
546,1,2,female,19.0,1,0,26.0,S,Second,woman,False,,Southampton,yes,False,False
548,0,3,male,33.0,1,1,20.525,S,Third,man,True,,Southampton,no,False,False
549,1,2,male,8.0,1,1,36.75,S,Second,child,False,,Southampton,yes,False,False
550,1,1,male,17.0,0,2,110.8833,C,First,man,True,C,Cherbourg,yes,False,False
551,0,2,male,27.0,0,0,26.0,S,Second,man,True,,Southampton,no,True,False
553,1,3,male,22.0,0,0,7.225,C,Third,man,True,,Cherbourg,yes,True,False
554,1,3,female,22.0,0,0,7.775,S,Third,woman,False,,Southampton,yes,True,True
555,0,1,male,62.0,0,0,26.55,S,First,man,True,,Southampton,no,True,False
556,1,1,female,48.0,1,0,39.6,C,First,woman,False,A,Cherbourg,yes,False,True
558,1,1,female,39.0,1,1,79.65,S,First,woman,False,E,Southampton,yes,False,True
559,1,3,female,36.0,1,0,17.4,S,Third,woman,False,,Southampton,yes,False,True
561,0,3,male,40.0,0,0,7.8958,S,Third,man,True,,Southampton,no,True,False
562,0,2,male,28.0,0,0,13.5,S,Second,man,True,,Southampton,no,True,False
565,0,3,male,24.0,2,0,24.15,S,Third,man,True,,Southampton,no,False,False
566,0,3,male,19.0,0,0,7.8958,S,Third,man,True,,Southampton,no,True,False
567,0,3,female,29.0,0,4,21.075,S,Third,woman,False,,Southampton,no,False,True
569,1,3,male,32.0,0,0,7.8542,S,Third,man,True,,Southampton,yes,True,False
570,1,2,male,62.0,0,0,10.5,S,Second,man,True,,Southampton,yes,True,False
571,1,1,female,53.0,2,0,51.4792,S,First,woman,False,C,Southampton,yes,False,True
572,1,1,male,36.0,0,0,26.3875,S,First,man,True,E,Southampton,yes,True,False
574,0,3,male,16.0,0,0,8.05,S,Third,man,True,,Southampton,no,True,False
575,0,3,male,19.0,0,0,14.5,S,Third,man,True,,Southampton,no,True,False
576,1,2,female,34.0,0,0,13.0,S,Second,woman,False,,Southampton,yes,True,True
577,1,1,female,39.0,1,0,55.9,S,First,woman,False,E,Southampton,yes,False,True
579,1,3,male,32.0,0,0,7.925,S,Third,man,True,,Southampton,yes,True,False
580,1,2,female,25.0,1,1,30.0,S,Second,woman,False,,Southampton,yes,False,True
581,1,1,female,39.0,1,1,110.8833,C,First,woman,False,C,Cherbourg,yes,False,True
582,0,2,male,54.0,0,0,26.0,S,Second,man,True,,Southampton,no,True,False
583,0,1,male,36.0,0,0,40.125,C,First,man,True,A,Cherbourg,no,True,False
585,1,1,female,18.0,0,2,79.65,S,First,woman,False,E,Southampton,yes,False,False
586,0,2,male,47.0,0,0,15.0,S,Second,man,True,,Southampton,no,True,False
587,1,1,male,60.0,1,1,79.2,C,First,man,True,B,Cherbourg,yes,False,False
588,0,3,male,22.0,0,0,8.05,S,Third,man,True,,Southampton,no,True,False
590,0,3,male,35.0,0,0,7.125,S,Third,man,True,,Southampton,no,True,False
591,1,1,female,52.0,1,0,78.2667,C,First,woman,False,D,Cherbourg,yes,False,True
592,0,3,male,47.0,0,0,7.25,S,Third,man,True,,Southampton,no,True,False
594,0,2,male,37.0,1,0,26.0,S,Second,man,True,,Southampton,no,False,False
595,0,3,male,36.0,1,1,24.15,S,Third,man,True,,Southampton,no,False,False
597,0,3,male,49.0,0,0,0.0,S,Third,man,True,,Southampton,no,True,False
599,1,1,male,49.0,1,0,56.9292,C,First,man,True,A,Cherbourg,yes,False,False
600,1,2,female,24.0,2,1,27.0,S,Second,woman,False,,Southampton,yes,False,True
603,0,3,male,44.0,0,0,8.05,S,Third,man,True,,Southampton,no,True,False
604,1,1,male,35.0,0,0,26.55,C,First,man,True,,Cherbourg,yes,True,False
605,0,3,male,36.0,1,0,15.55,S,Third,man,True,,Southampton,no,False,False
606,0,3,male,30.0,0,0,7.8958,S,Third,man,True,,Southampton,no,True,False
607,1,1,male,27.0,0,0,30.5,S,First,man,True,,Southampton,yes,True,False
608,1,2,female,22.0,1,2,41.5792,C,Second,woman,False,,Cherbourg,yes,False,True
609,1,1,female,40.0,0,0,153.4625,S,First,woman,False,C,Southampton,yes,True,True
610,0,3,female,39.0,1,5,31.275,S,Third,woman,False,,Southampton,no,False,True
614,0,3,male,35.0,0,0,8.05,S,Third,man,True,,Southampton,no,True,False
615,1,2,female,24.0,1,2,65.0,S,Second,woman,False,,Southampton,yes,False,True
616,0,3,male,34.0,1,1,14.4,S,Third,man,True,,Southampton,no,False,False
617,0,3,female,26.0,1,0,16.1,S,Third,woman,False,,Southampton,no,False,True
618,1,2,female,4.0,2,1,39.0,S,Second,child,False,F,Southampton,yes,False,False
619,0,2,male,26.0,0,0,10.5,S,Second,man,True,,Southampton,no,True,False
620,0,3,male,27.0,1,0,14.4542,C,Third,man,True,,Cherbourg,no,False,False
621,1,1,male,42.0,1,0,52.5542,S,First,man,True,D,Southampton,yes,False,False
622,1,3,male,20.0,1,1,15.7417,C,Third,man,True,,Cherbourg,yes,False,False
623,0,3,male,21.0,0,0,7.8542,S,Third,man,True,,Southampton,no,True,False
624,0,3,male,21.0,0,0,16.1,S,Third,man,True,,Southampton,no,True,False
625,0,1,male,61.0,0,0,32.3208,S,First,man,True,D,Southampton,no,True,False
626,0,2,male,57.0,0,0,12.35,Q,Second,man,True,,Queenstown,no,True,False
627,1,1,female,21.0,0,0,77.9583,S,First,woman,False,D,Southampton,yes,True,True
628,0,3,male,26.0,0,0,7.8958,S,Third,man,True,,Southampton,no,True,False
630,1,1,male,80.0,0,0,30.0,S,First,man,True,A,Southampton,yes,True,False
631,0,3,male,51.0,0,0,7.0542,S,Third,man,True,,Southampton,no,True,False
632,1,1,male,32.0,0,0,30.5,C,First,man,True,B,Cherbourg,yes,True,False
634,0,3,female,9.0,3,2,27.9,S,Third,child,False,,Southampton,no,False,False
635,1,2,female,28.0,0,0,13.0,S,Second,woman,False,,Southampton,yes,True,True
636,0,3,male,32.0,0,0,7.925,S,Third,man,True,,Southampton,no,True,False
637,0,2,male,31.0,1,1,26.25,S,Second,man,True,,Southampton,no,False,False
638,0,3,female,41.0,0,5,39.6875,S,Third,woman,False,,Southampton,no,False,True
640,0,3,male,20.0,0,0,7.8542,S,Third,man,True,,Southampton,no,True,False
641,1,1,female,24.0,0,0,69.3,C,First,woman,False,B,Cherbourg,yes,True,True
642,0,3,female,2.0,3,2,27.9,S,Third,child,False,,Southampton,no,False,False
644,1,3,female,0.75,2,1,19.2583,C,Third,child,False,,Cherbourg,yes,False,False
645,1,1,male,48.0,1,0,76.7292,C,First,man,True,D,Cherbourg,yes,False,False
646,0,3,male,19.0,0,0,7.8958,S,Third,man,True,,Southampton,no,True,False
647,1,1,male,56.0,0,0,35.5,C,First,man,True,A,Cherbourg,yes,True,False
649,1,3,female,23.0,0,0,7.55,S,Third,woman,False,,Southampton,yes,True,True
651,1,2,female,18.0,0,1,23.0,S,Second,woman,False,,Southampton,yes,False,False
652,0,3,male,21.0,0,0,8.4333,S,Third,man,True,,Southampton,no,True,False
654,0,3,female,18.0,0,0,6.75,Q,Third,woman,False,,Queenstown,no,True,False
655,0,2,male,24.0,2,0,73.5,S,Second,man,True,,Southampton,no,False,False
657,0,3,female,32.0,1,1,15.5,Q,Third,woman,False,,Queenstown,no,False,True
658,0,2,male,23.0,0,0,13.0,S,Second,man,True,,Southampton,no,True,False
659,0,1,male,58.0,0,2,113.275,C,First,man,True,D,Cherbourg,no,False,False
660,1,1,male,50.0,2,0,133.65,S,First,man,True,,Southampton,yes,False,False
661,0,3,male,40.0,0,0,7.225,C,Third,man,True,,Cherbourg,no,True,False
662,0,1,male,47.0,0,0,25.5875,S,First,man,True,E,Southampton,no,True,False
663,0,3,male,36.0,0,0,7.4958,S,Third,man,True,,Southampton,no,True,False
664,1,3,male,20.0,1,0,7.925,S,Third,man,True,,Southampton,yes,False,False
665,0,2,male,32.0,2,0,73.5,S,Second,man,True,,Southampton,no,False,False
666,0,2,male,25.0,0,0,13.0,S,Second,man,True,,Southampton,no,True,False
668,0,3,male,43.0,0,0,8.05,S,Third,man,True,,Southampton,no,True,False
670,1,2,female,40.0,1,1,39.0,S,Second,woman,False,,Southampton,yes,False,True
671,0,1,male,31.0,1,0,52.0,S,First,man,True,B,Southampton,no,False,False
672,0,2,male,70.0,0,0,10.5,S,Second,man,True,,Southampton,no,True,False
673,1,2,male,31.0,0,0,13.0,S,Second,man,True,,Southampton,yes,True,False
675,0,3,male,18.0,0,0,7.775,S,Third,man,True,,Southampton,no,True,False
676,0,3,male,24.5,0,0,8.05,S,Third,man,True,,Southampton,no,True,False
677,1,3,female,18.0,0,0,9.8417,S,Third,woman,False,,Southampton,yes,True,False
678,0,3,female,43.0,1,6,46.9,S,Third,woman,False,,Southampton,no,False,True
679,1,1,male,36.0,0,1,512.3292,C,First,man,True,B,Cherbourg,yes,False,False
681,1,1,male,27.0,0,0,76.7292,C,First,man,True,D,Cherbourg,yes,True,False
682,0,3,male,20.0,0,0,9.225,S,Third,man,True,,Southampton,no,True,False
683,0,3,male,14.0,5,2,46.9,S,Third,child,False,,Southampton,no,False,False
684,0,2,male,60.0,1,1,39.0,S,Second,man,True,,Southampton,no,False,False
685,0,2,male,25.0,1,2,41.5792,C,Second,man,True,,Cherbourg,no,False,False
686,0,3,male,14.0,4,1,39.6875,S,Third,child,False,,Southampton,no,False,False
687,0,3,male,19.0,0,0,10.1708,S,Third,man,True,,Southampton,no,True,False
688,0,3,male,18.0,0,0,7.7958,S,Third,man,True,,Southampton,no,True,False
689,1,1,female,15.0,0,1,211.3375,S,First,child,False,B,Southampton,yes,False,False
690,1,1,male,31.0,1,0,57.0,S,First,man,True,B,Southampton,yes,False,False
691,1,3,female,4.0,0,1,13.4167,C,Third,child,False,,Cherbourg,yes,False,False
693,0,3,male,25.0,0,0,7.225,C,Third,man,True,,Cherbourg,no,True,False
694,0,1,male,60.0,0,0,26.55,S,First,man,True,,Southampton,no,True,False
695,0,2,male,52.0,0,0,13.5,S,Second,man,True,,Southampton,no,True,False
696,0,3,male,44.0,0,0,8.05,S,Third,man,True,,Southampton,no,True,False
698,0,1,male,49.0,1,1,110.8833,C,First,man,True,C,Cherbourg,no,False,False
699,0,3,male,42.0,0,0,7.65,S,Third,man,True,F,Southampton,no,True,False
700,1,1,female,18.0,1,0,227.525,C,First,woman,False,C,Cherbourg,yes,False,False
701,1,1,male,35.0,0,0,26.2875,S,First,man,True,E,Southampton,yes,True,False
702,0,3,female,18.0,0,1,14.4542,C,Third,woman,False,,Cherbourg,no,False,False
703,0,3,male,25.0,0,0,7.7417,Q,Third,man,True,,Queenstown,no,True,False
704,0,3,male,26.0,1,0,7.8542,S,Third,man,True,,Southampton,no,False,False
705,0,2,male,39.0,0,0,26.0,S,Second,man,True,,Southampton,no,True,False
706,1,2,female,45.0,0,0,13.5,S,Second,woman,False,,Southampton,yes,True,True
707,1,1,male,42.0,0,0,26.2875,S,First,man,True,E,Southampton,yes,True,False
708,1,1,female,22.0,0,0,151.55,S,First,woman,False,,Southampton,yes,True,True
710,1,1,female,24.0,0,0,49.5042,C,First,woman,False,C,Cherbourg,yes,True,True
712,1,1,male,48.0,1,0,52.0,S,First,man,True,C,Southampton,yes,False,False
713,0,3,male,29.0,0,0,9.4833,S,Third,man,True,,Southampton,no,True,False
714,0,2,male,52.0,0,0,13.0,S,Second,man,True,,Southampton,no,True,False
715,0,3,male,19.0,0,0,7.65,S,Third,man,True,F,Southampton,no,True,False
716,1,1,female,38.0,0,0,227.525,C,First,woman,False,C,Cherbourg,yes,True,True
717,1,2,female,27.0,0,0,10.5,S,Second,woman,False,E,Southampton,yes,True,True
719,0,3,male,33.0,0,0,7.775,S,Third,man,True,,Southampton,no,True,False
720,1,2,female,6.0,0,1,33.0,S,Second,child,False,,Southampton,yes,False,False
721,0,3,male,17.0,1,0,7.0542,S,Third,man,True,,Southampton,no,False,False
722,0,2,male,34.0,0,0,13.0,S,Second,man,True,,Southampton,no,True,False
723,0,2,male,50.0,0,0,13.0,S,Second,man,True,,Southampton,no,True,False
724,1,1,male,27.0,1,0,53.1,S,First,man,True,E,Southampton,yes,False,False
725,0,3,male,20.0,0,0,8.6625,S,Third,man,True,,Southampton,no,True,False
726,1,2,female,30.0,3,0,21.0,S,Second,woman,False,,Southampton,yes,False,True
728,0,2,male,25.0,1,0,26.0,S,Second,man,True,,Southampton,no,False,False
729,0,3,female,25.0,1,0,7.925,S,Third,woman,False,,Southampton,no,False,True
730,1,1,female,29.0,0,0,211.3375,S,First,woman,False,B,Southampton,yes,True,True
731,0,3,male,11.0,0,0,18.7875,C,Third,child,False,,Cherbourg,no,True,False
733,0,2,male,23.0,0,0,13.0,S,Second,man,True,,Southampton,no,True,False
734,0,2,male,23.0,0,0,13.0,S,Second,man,True,,Southampton,no,True,False
735,0,3,male,28.5,0,0,16.1,S,Third,man,True,,Southampton,no,True,False
736,0,3,female,48.0,1,3,34.375,S,Third,woman,False,,Southampton,no,False,True
737,1,1,male,35.0,0,0,512.3292,C,First,man,True,B,Cherbourg,yes,True,False
741,0,1,male,36.0,1,0,78.85,S,First,man,True,C,Southampton,no,False,False
742,1,1,female,21.0,2,2,262.375,C,First,woman,False,B,Cherbourg,yes,False,True
743,0,3,male,24.0,1,0,16.1,S,Third,man,True,,Southampton,no,False,False
744,1,3,male,31.0,0,0,7.925,S,Third,man,True,,Southampton,yes,True,False
745,0,1,male,70.0,1,1,71.0,S,First,man,True,B,Southampton,no,False,False
746,0,3,male,16.0,1,1,20.25,S,Third,man,True,,Southampton,no,False,False
747,1,2,female,30.0,0,0,13.0,S,Second,woman,False,,Southampton,yes,True,True
748,0,1,male,19.0,1,0,53.1,S,First,man,True,D,Southampton,no,False,False
749,0,3,male,31.0,0,0,7.75,Q,Third,man,True,,Queenstown,no,True,False
750,1,2,female,4.0,1,1,23.0,S,Second,child,False,,Southampton,yes,False,False
751,1,3,male,6.0,0,1,12.475,S,Third,child,False,E,Southampton,yes,False,False
752,0,3,male,33.0,0,0,9.5,S,Third,man,True,,Southampton,no,True,False
753,0,3,male,23.0,0,0,7.8958,S,Third,man,True,,Southampton,no,True,False
754,1,2,female,48.0,1,2,65.0,S,Second,woman,False,,Southampton,yes,False,True
755,1,2,male,0.67,1,1,14.5,S,Second,child,False,,Southampton,yes,False,False
756,0,3,male,28.0,0,0,7.7958,S,Third,man,True,,Southampton,no,True,False
757,0,2,male,18.0,0,0,11.5,S,Second,man,True,,Southampton,no,True,False
758,0,3,male,34.0,0,0,8.05,S,Third,man,True,,Southampton,no,True,False
759,1,1,female,33.0,0,0,86.5,S,First,woman,False,B,Southampton,yes,True,True
761,0,3,male,41.0,0,0,7.125,S,Third,man,True,,Southampton,no,True,False
762,1,3,male,20.0,0,0,7.2292,C,Third,man,True,,Cherbourg,yes,True,False
763,1,1,female,36.0,1,2,120.0,S,First,woman,False,B,Southampton,yes,False,True
764,0,3,male,16.0,0,0,7.775,S,Third,man,True,,Southampton,no,True,False
765,1,1,female,51.0,1,0,77.9583,S,First,woman,False,D,Southampton,yes,False,True
767,0,3,female,30.5,0,0,7.75,Q,Third,woman,False,,Queenstown,no,True,True
769,0,3,male,32.0,0,0,8.3625,S,Third,man,True,,Southampton,no,True,False
770,0,3,male,24.0,0,0,9.5,S,Third,man,True,,Southampton,no,True,False
771,0,3,male,48.0,0,0,7.8542,S,Third,man,True,,Southampton,no,True,False
772,0,2,female,57.0,0,0,10.5,S,Second,woman,False,E,Southampton,no,True,True
774,1,2,female,54.0,1,3,23.0,S,Second,woman,False,,Southampton,yes,False,True
775,0,3,male,18.0,0,0,7.75,S,Third,man,True,,Southampton,no,True,False
777,1,3,female,5.0,0,0,12.475,S,Third,child,False,,Southampton,yes,True,False
779,1,1,female,43.0,0,1,211.3375,S,First,woman,False,B,Southampton,yes,False,True
780,1,3,female,13.0,0,0,7.2292,C,Third,child,False,,Cherbourg,yes,True,False
781,1,1,female,17.0,1,0,57.0,S,First,woman,False,B,Southampton,yes,False,False
782,0,1,male,29.0,0,0,30.0,S,First,man,True,D,Southampton,no,True,False
784,0,3,male,25.0,0,0,7.05,S,Third,man,True,,Southampton,no,True,False
785,0,3,male,25.0,0,0,7.25,S,Third,man,True,,Southampton,no,True,False
786,1,3,female,18.0,0,0,7.4958,S,Third,woman,False,,Southampton,yes,True,False
787,0,3,male,8.0,4,1,29.125,Q,Third,child,False,,Queenstown,no,False,False
788,1,3,male,1.0,1,2,20.575,S,Third,child,False,,Southampton,yes,False,False
789,0,1,male,46.0,0,0,79.2,C,First,man,True,B,Cherbourg,no,True,False
791,0,2,male,16.0,0,0,26.0,S,Second,man,True,,Southampton,no,True,False
794,0,3,male,25.0,0,0,7.8958,S,Third,man,True,,Southampton,no,True,False
795,0,2,male,39.0,0,0,13.0,S,Second,man,True,,Southampton,no,True,False
796,1,1,female,49.0,0,0,25.9292,S,First,woman,False,D,Southampton,yes,True,True
797,1,3,female,31.0,0,0,8.6833,S,Third,woman,False,,Southampton,yes,True,True
798,0,3,male,30.0,0,0,7.2292,C,Third,man,True,,Cherbourg,no,True,False
799,0,3,female,30.0,1,1,24.15,S,Third,woman,False,,Southampton,no,False,True
800,0,2,male,34.0,0,0,13.0,S,Second,man,True,,Southampton,no,True,False
801,1,2,female,31.0,1,1,26.25,S,Second,woman,False,,Southampton,yes,False,True
802,1,1,male,11.0,1,2,120.0,S,First,child,False,B,Southampton,yes,False,False
803,1,3,male,0.42,0,1,8.5167,C,Third,child,False,,Cherbourg,yes,False,False
804,1,3,male,27.0,0,0,6.975,S,Third,man,True,,Southampton,yes,True,False
805,0,3,male,31.0,0,0,7.775,S,Third,man,True,,Southampton,no,True,False
806,0,1,male,39.0,0,0,0.0,S,First,man,True,A,Southampton,no,True,False
807,0,3,female,18.0,0,0,7.775,S,Third,woman,False,,Southampton,no,True,False
808,0,2,male,39.0,0,0,13.0,S,Second,man,True,,Southampton,no,True,False
809,1,1,female,33.0,1,0,53.1,S,First,woman,False,E,Southampton,yes,False,True
810,0,3,male,26.0,0,0,7.8875,S,Third,man,True,,Southampton,no,True,False
811,0,3,male,39.0,0,0,24.15,S,Third,man,True,,Southampton,no,True,False
812,0,2,male,35.0,0,0,10.5,S,Second,man,True,,Southampton,no,True,False
813,0,3,female,6.0,4,2,31.275,S,Third,child,False,,Southampton,no,False,False
814,0,3,male,30.5,0,0,8.05,S,Third,man,True,,Southampton,no,True,False
816,0,3,female,23.0,0,0,7.925,S,Third,woman,False,,Southampton,no,True,True
817,0,2,male,31.0,1,1,37.0042,C,Second,man,True,,Cherbourg,no,False,False
818,0,3,male,43.0,0,0,6.45,S,Third,man,True,,Southampton,no,True,False
819,0,3,male,10.0,3,2,27.9,S,Third,child,False,,Southampton,no,False,False
820,1,1,female,52.0,1,1,93.5,S,First,woman,False,B,Southampton,yes,False,True
821,1,3,male,27.0,0,0,8.6625,S,Third,man,True,,Southampton,yes,True,False
822,0,1,male,38.0,0,0,0.0,S,First,man,True,,Southampton,no,True,False
823,1,3,female,27.0,0,1,12.475,S,Third,woman,False,E,Southampton,yes,False,True
824,0,3,male,2.0,4,1,39.6875,S,Third,child,False,,Southampton,no,False,False
827,1,2,male,1.0,0,2,37.0042,C,Second,child,False,,Cherbourg,yes,False,False
829,1,1,female,62.0,0,0,80.0,,First,woman,False,B,,yes,True,True
830,1,3,female,15.0,1,0,14.4542,C,Third,child,False,,Cherbourg,yes,False,False
831,1,2,male,0.83,1,1,18.75,S,Second,child,False,,Southampton,yes,False,False
833,0,3,male,23.0,0,0,7.8542,S,Third,man,True,,Southampton,no,True,False
834,0,3,male,18.0,0,0,8.3,S,Third,man,True,,Southampton,no,True,False
835,1,1,female,39.0,1,1,83.1583,C,First,woman,False,E,Cherbourg,yes,False,True
836,0,3,male,21.0,0,0,8.6625,S,Third,man,True,,Southampton,no,True,False
838,1,3,male,32.0,0,0,56.4958,S,Third,man,True,,Southampton,yes,True,False
840,0,3,male,20.0,0,0,7.925,S,Third,man,True,,Southampton,no,True,False
841,0,2,male,16.0,0,0,10.5,S,Second,man,True,,Southampton,no,True,False
842,1,1,female,30.0,0,0,31.0,C,First,woman,False,,Cherbourg,yes,True,True
843,0,3,male,34.5,0,0,6.4375,C,Third,man,True,,Cherbourg,no,True,False
844,0,3,male,17.0,0,0,8.6625,S,Third,man,True,,Southampton,no,True,False
845,0,3,male,42.0,0,0,7.55,S,Third,man,True,,Southampton,no,True,False
847,0,3,male,35.0,0,0,7.8958,C,Third,man,True,,Cherbourg,no,True,False
848,0,2,male,28.0,0,1,33.0,S,Second,man,True,,Southampton,no,False,False
850,0,3,male,4.0,4,2,31.275,S,Third,child,False,,Southampton,no,False,False
851,0,3,male,74.0,0,0,7.775,S,Third,man,True,,Southampton,no,True,False
852,0,3,female,9.0,1,1,15.2458,C,Third,child,False,,Cherbourg,no,False,False
853,1,1,female,16.0,0,1,39.4,S,First,woman,False,D,Southampton,yes,False,False
854,0,2,female,44.0,1,0,26.0,S,Second,woman,False,,Southampton,no,False,True
855,1,3,female,18.0,0,1,9.35,S,Third,woman,False,,Southampton,yes,False,False
856,1,1,female,45.0,1,1,164.8667,S,First,woman,False,,Southampton,yes,False,True
857,1,1,male,51.0,0,0,26.55,S,First,man,True,E,Southampton,yes,True,False
858,1,3,female,24.0,0,3,19.2583,C,Third,woman,False,,Cherbourg,yes,False,True
860,0,3,male,41.0,2,0,14.1083,S,Third,man,True,,Southampton,no,False,False
861,0,2,male,21.0,1,0,11.5,S,Second,man,True,,Southampton,no,False,False
862,1,1,female,48.0,0,0,25.9292,S,First,woman,False,D,Southampton,yes,True,True
864,0,2,male,24.0,0,0,13.0,S,Second,man,True,,Southampton,no,True,False
865,1,2,female,42.0,0,0,13.0,S,Second,woman,False,,Southampton,yes,True,True
866,1,2,female,27.0,1,0,13.8583,C,Second,woman,False,,Cherbourg,yes,False,True
867,0,1,male,31.0,0,0,50.4958,S,First,man,True,A,Southampton,no,True,False
869,1,3,male,4.0,1,1,11.1333,S,Third,child,False,,Southampton,yes,False,False
870,0,3,male,26.0,0,0,7.8958,S,Third,man,True,,Southampton,no,True,False
871,1,1,female,47.0,1,1,52.5542,S,First,woman,False,D,Southampton,yes,False,True
872,0,1,male,33.0,0,0,5.0,S,First,man,True,B,Southampton,no,True,False
873,0,3,male,47.0,0,0,9.0,S,Third,man,True,,Southampton,no,True,False
874,1,2,female,28.0,1,0,24.0,C,Second,woman,False,,Cherbourg,yes,False,True
875,1,3,female,15.0,0,0,7.225,C,Third,child,False,,Cherbourg,yes,True,False
876,0,3,male,20.0,0,0,9.8458,S,Third,man,True,,Southampton,no,True,False
877,0,3,male,19.0,0,0,7.8958,S,Third,man,True,,Southampton,no,True,False
879,1,1,female,56.0,0,1,83.1583,C,First,woman,False,C,Cherbourg,yes,False,True
880,1,2,female,25.0,0,1,26.0,S,Second,woman,False,,Southampton,yes,False,True
881,0,3,male,33.0,0,0,7.8958,S,Third,man,True,,Southampton,no,True,False
882,0,3,female,22.0,0,0,10.5167,S,Third,woman,False,,Southampton,no,True,True
883,0,2,male,28.0,0,0,10.5,S,Second,man,True,,Southampton,no,True,False
884,0,3,male,25.0,0,0,7.05,S,Third,man,True,,Southampton,no,True,False
885,0,3,female,39.0,0,5,29.125,Q,Third,woman,False,,Queenstown,no,False,True
886,0,2,male,27.0,0,0,13.0,S,Second,man,True,,Southampton,no,True,False
887,1,1,female,19.0,0,0,30.0,S,First,woman,False,B,Southampton,yes,True,False
889,1,1,male,26.0,0,0,30.0,C,First,man,True,C,Cherbourg,yes,True,False
890,0,3,male,32.0,0,0,7.75,Q,Third,man,True,,Queenstown,no,True,False
